cache-references,cycles,LLC-loads
172292942.0,4763514917.0,6102619.0
184547452.0,4739110490.0,6795625.0
185495277.0,4757134196.0,6752302.0
183375147.0,4764004823.0,6629441.0
185807678.0,4772831176.0,6741126.0
173171907.0,4739045373.0,6177028.0
175685432.0,4735200631.0,6345187.0
185621107.0,4782741508.0,6834225.0
186602546.0,4781756002.0,6777039.0
187076913.0,4786416049.0,6808142.0
176021796.0,4761839083.0,6277940.0
175992201.0,4737297943.0,6172456.0
188098947.0,4814201117.0,6903940.0
185113764.0,4780551129.0,6750683.0
189126666.0,4810642409.0,6814168.0
183060592.0,4766854396.0,6603648.0
189218503.0,4809122439.0,6839248.0
180009801.0,4734011405.0,6386051.0
182639203.0,4751221110.0,6562103.0
187352932.0,4823112825.0,6796674.0
186837423.0,4795940599.0,6747242.0
188351473.0,4783591035.0,6906856.0
184800547.0,4807726320.0,6770611.0
171632213.0,4743529061.0,6289109.0
184968959.0,4771448698.0,6742469.0
178004594.0,4781550421.0,6208307.0
182832504.0,4773671442.0,6702626.0
178441139.0,4775642840.0,6325931.0
184783684.0,4785349469.0,6681317.0
179384990.0,4750211833.0,6697003.0
179112788.0,4760234392.0,6421078.0
184236937.0,4768745705.0,6919425.0
184270602.0,4780488843.0,6712556.0
187552059.0,4784158143.0,6803251.0
174109399.0,4752372010.0,6163845.0
173986823.0,4783626362.0,6118688.0
176471639.0,4775861187.0,6287012.0
188094222.0,4790364992.0,6820496.0
176468892.0,4730880589.0,6284156.0
182096436.0,4765550581.0,6495947.0
172246781.0,4719776108.0,6149586.0
175110216.0,4729951803.0,6215101.0
187106571.0,4749401181.0,6740608.0
188977887.0,4760055146.0,6907996.0
185312160.0,4788506729.0,6646208.0
176762188.0,4741866240.0,6385180.0
184352188.0,4784361430.0,6606042.0
171567681.0,4739137296.0,6127803.0
173114392.0,4713857751.0,6248927.0
179569019.0,4780931314.0,6485168.0
173239274.0,4733486186.0,6049452.0
181539767.0,4767876776.0,6665281.0
185481512.0,4789443732.0,6770551.0
184963759.0,4783917436.0,6641301.0
187920783.0,4816607979.0,7011199.0
184954670.0,4781004275.0,6698407.0
189766573.0,4743857233.0,7072644.0
186429922.0,4768353901.0,6761543.0
188606848.0,4769477639.0,7082802.0
175331483.0,4763365867.0,6252674.0
186469124.0,4769518154.0,6881848.0
186387521.0,4780005369.0,6766373.0
171390416.0,4708733375.0,6111417.0
177192901.0,4772143214.0,6409517.0
184819606.0,4803536850.0,6700459.0
186531978.0,4741961432.0,6720806.0
184497679.0,4754406055.0,6771440.0
184871308.0,4780330216.0,6802540.0
186011726.0,4775284250.0,6755711.0
184916036.0,4756366743.0,6753810.0
186827539.0,4798684051.0,6787469.0
173739769.0,4727493965.0,6195000.0
184129781.0,4807293843.0,6792997.0
178864359.0,4769779795.0,6473370.0
184478206.0,4761036457.0,6747989.0
172774060.0,4729645524.0,6121131.0
173048697.0,4763996612.0,6105535.0
186320466.0,4745722175.0,6550060.0
175381973.0,4737903383.0,6219894.0
184500572.0,4791792910.0,6677078.0
188258812.0,4815614944.0,6738745.0
188486545.0,4807439108.0,6862621.0
179500966.0,4739072744.0,6317695.0
181833840.0,4731686936.0,6668628.0
178473588.0,4767827842.0,6321116.0
183374049.0,4784826392.0,6712990.0
180498965.0,4760437818.0,6358184.0
188363269.0,4762551499.0,6679709.0
184321930.0,4751742366.0,6620178.0
189905409.0,4796202884.0,6950344.0
189347330.0,4780438854.0,7036468.0
189128022.0,4814712925.0,6972368.0
182398230.0,4777732321.0,6614332.0
182787407.0,4752820029.0,6768698.0
180947367.0,4762853527.0,6443520.0
185328165.0,4753326233.0,6597153.0
185034275.0,4775874410.0,6694981.0
185486848.0,4832159797.0,6679933.0
174866277.0,4733292968.0,6197378.0
174239400.0,4775829323.0,6281019.0
183104473.0,4777064343.0,6622915.0
185342191.0,4795078815.0,6658351.0
187927910.0,4748303876.0,6695971.0
186191406.0,4764358469.0,6834781.0
187792816.0,4804754534.0,6866521.0
182347249.0,4766641781.0,6553868.0
180529802.0,4742695193.0,6549195.0
182226256.0,4803639602.0,6655774.0
180662775.0,4766621164.0,6563945.0
180776258.0,4738556182.0,6648259.0
183146983.0,4768143915.0,6687639.0
186732002.0,4803703139.0,6687834.0
186743154.0,4817251134.0,6871448.0
182590752.0,4752714150.0,6670980.0
185780309.0,4805419293.0,6764803.0
183591189.0,4804640543.0,6591568.0
183561305.0,4794432942.0,6536310.0
175167642.0,4747755383.0,6405706.0
188017085.0,4776495796.0,6791562.0
178883873.0,4766029588.0,6511260.0
173151232.0,4705890356.0,6206049.0
173579718.0,4699495089.0,6157644.0
177597942.0,4754749438.0,6380584.0
186740472.0,4843574831.0,6793599.0
189319690.0,4794268743.0,6880303.0
185172421.0,4757813851.0,6609245.0
183038931.0,4780858412.0,6696530.0
185976562.0,4778183214.0,6957071.0
185754986.0,4803875709.0,6764717.0
172818153.0,4732413096.0,6330139.0
186315431.0,4789065570.0,6643286.0
187911064.0,4781958351.0,6695593.0
187175923.0,4788791620.0,6850848.0
185414149.0,4768005244.0,6815612.0
177433339.0,4750258907.0,6233541.0
184467450.0,4782216054.0,6646575.0
180687540.0,4728465932.0,6523529.0
183927946.0,4767816207.0,6681474.0
186322721.0,4791555924.0,6717328.0
183745448.0,4780054444.0,6644384.0
184282771.0,4760166524.0,6958709.0
184569374.0,4786527522.0,6781925.0
178055357.0,4751724592.0,6205115.0
174296548.0,4732284670.0,6294471.0
184803389.0,4784271826.0,6652695.0
182168974.0,4763143599.0,6502789.0
184600981.0,4801015029.0,6764702.0
189211904.0,4794368629.0,6898091.0
172510551.0,4717780673.0,6127748.0
187941013.0,4811458469.0,6840269.0
178348979.0,4799104562.0,6458075.0
180091588.0,4758271197.0,6231739.0
185312001.0,4768081368.0,6726221.0
177099321.0,4751927757.0,6208836.0
183135458.0,4775861999.0,6548288.0
180130532.0,4736573874.0,6536390.0
182878091.0,4805596497.0,6533745.0
183665685.0,4755158298.0,6675209.0
186478804.0,4758321728.0,6643227.0
173162754.0,4768417858.0,6191301.0
178000666.0,4764006156.0,6482337.0
185287292.0,4784686176.0,6738298.0
176375585.0,4751470773.0,6338038.0
185600332.0,4790899196.0,6718426.0
174511998.0,4731974743.0,6191484.0
175190341.0,4740983010.0,6333738.0
187872522.0,4781742715.0,6834068.0
181720094.0,4743590443.0,6296592.0
182070369.0,4761182898.0,6585918.0
183351268.0,4769909040.0,6702629.0
180004038.0,4742528161.0,6717208.0
186649510.0,4776842700.0,6958594.0
173762065.0,4721047650.0,6171748.0
181109249.0,4748820330.0,6564491.0
175262860.0,4729955686.0,6153570.0
187766267.0,4787272898.0,6823652.0
181981281.0,4767196715.0,6641982.0
175132559.0,4779949921.0,6332042.0
185903486.0,4800109156.0,6941808.0
188339873.0,4797920775.0,6836122.0
177929302.0,4708614111.0,6359304.0
174878116.0,4748504207.0,6089672.0
189698404.0,4810142844.0,6975573.0
181099041.0,4808696167.0,6526227.0
178343859.0,4775057928.0,6438178.0
185850124.0,4773172955.0,6846167.0
186512508.0,4780677296.0,6808919.0
174601571.0,4734556646.0,6278087.0
184445147.0,4723651247.0,6633563.0
189566659.0,4796260495.0,6881102.0
176387222.0,4767912801.0,6147239.0
174195864.0,4751212596.0,5931536.0
186080350.0,4765973577.0,6721773.0
173975581.0,4723203133.0,6248134.0
185989050.0,4773270976.0,6727176.0
175026293.0,4743173254.0,6258638.0
183659158.0,4816097124.0,6662796.0
181761266.0,4756252962.0,6473474.0
185206301.0,4761653902.0,6890060.0
184884281.0,4808811160.0,6616800.0
175910678.0,4759645574.0,6306480.0
187865611.0,4788215613.0,6800816.0
182180273.0,4754056601.0,6680957.0
184838505.0,4778127388.0,6678527.0
187611449.0,4781114831.0,6934367.0
184501019.0,4765509391.0,6640183.0
185893945.0,4797797532.0,6722261.0
180378880.0,4784413823.0,6378187.0
172948462.0,4775883226.0,6065571.0
187226237.0,4759499629.0,6813419.0
188020864.0,4794782500.0,6906533.0
184254408.0,4808494267.0,6761486.0
185548595.0,4781209424.0,6855942.0
182863695.0,4751814480.0,6322184.0
187628333.0,4751326505.0,6823628.0
184509937.0,4757065093.0,6622234.0
186540363.0,4784750723.0,6779395.0
184086560.0,4769289066.0,6711053.0
187058452.0,4759404244.0,6825377.0
187165822.0,4797139725.0,6767770.0
173711687.0,4754967312.0,6180724.0
184164002.0,4802286444.0,6789163.0
182451984.0,4770732128.0,6530777.0
184873676.0,4772213392.0,6695300.0
185209444.0,4787749466.0,6737509.0
178741515.0,4775774154.0,6510443.0
175839786.0,4763523890.0,6056195.0
174014144.0,4731520411.0,6155762.0
189812122.0,4820651219.0,7020709.0
181366357.0,4793230542.0,6541835.0
180153767.0,4755808985.0,6342710.0
178916953.0,4749317107.0,6249867.0
178873582.0,4771964249.0,6410049.0
185850795.0,4815764336.0,6841982.0
179330980.0,4749550921.0,6436496.0
175276045.0,4758200069.0,6191838.0
177736951.0,4738643628.0,6371151.0
186385898.0,4779023312.0,6644780.0
185274747.0,4762300988.0,6757363.0
185163308.0,4792969880.0,6729257.0
177624637.0,4789728216.0,6359606.0
184186329.0,4757036425.0,6847870.0
186006962.0,4795079710.0,6639405.0
188570617.0,4805702969.0,6924505.0
184761272.0,4784696780.0,6645663.0
183127266.0,4811809527.0,6739328.0
184712802.0,4804631398.0,6638391.0
174489655.0,4723339417.0,6227366.0
190070537.0,4787100669.0,6977957.0
185615807.0,4782287854.0,6695006.0
186950047.0,4783231034.0,6942079.0
187987934.0,4783590410.0,6767263.0
186064272.0,4781471945.0,6789796.0
174790050.0,4749747931.0,6058728.0
182367954.0,4775626992.0,6520474.0
186822591.0,4748587446.0,6771484.0
185373549.0,4782276240.0,6705335.0
186084719.0,4793136576.0,6834216.0
184958214.0,4794676412.0,6841569.0
184947296.0,4826682928.0,6735570.0
174997767.0,4753270757.0,6172791.0
175346972.0,4781031281.0,6313184.0
184540079.0,4784209069.0,6647808.0
185282160.0,4753393763.0,6800848.0
176494524.0,4799578666.0,6355863.0
176592926.0,4798026236.0,6289454.0
167861679.0,4746589512.0,6242987.0
181789976.0,4778409133.0,6538989.0
183588389.0,4757475751.0,6747991.0
187458581.0,4760011563.0,6765281.0
181559004.0,4789680720.0,6629735.0
175144163.0,4734473275.0,6138657.0
184905464.0,4787986086.0,6658920.0
174107940.0,4723417627.0,6176942.0
177770810.0,4752196940.0,6291520.0
183089451.0,4774840902.0,6762027.0
184748309.0,4801895627.0,6679597.0
186861019.0,4778258050.0,6861442.0
183221120.0,4767133000.0,6662415.0
186263610.0,4795490124.0,6798050.0
182663027.0,4799457602.0,6642103.0
173437305.0,4721161809.0,6292298.0
174430190.0,4708697192.0,6185034.0
187888376.0,4804185275.0,6864785.0
186429587.0,4793304365.0,6752736.0
172920175.0,4766100620.0,6199358.0
174677583.0,4780107137.0,6224158.0
179742183.0,4766897603.0,6471093.0
175765311.0,4724713987.0,6234898.0
189354174.0,4808878255.0,7013189.0
187445800.0,4791088903.0,6818561.0
187655859.0,4802571228.0,6852243.0
187281068.0,4797708099.0,6850079.0
173929626.0,4756851637.0,6155480.0
174898571.0,4856751800.0,6397917.0
176002379.0,4740587429.0,6316582.0
182055560.0,4772340638.0,6500250.0
185141744.0,4785723930.0,6629285.0
187670486.0,4791042173.0,6700663.0
185417460.0,4786706181.0,6587444.0
189926041.0,4752870806.0,6648146.0
172800147.0,4757981246.0,6248216.0
185654524.0,4789069870.0,6693729.0
186496555.0,4764022945.0,6860349.0
185402545.0,4796568500.0,6683093.0
189037210.0,4779492125.0,6935137.0
184579844.0,4780392524.0,6786254.0
187673439.0,4841701237.0,6859371.0
188754117.0,4777303232.0,6911498.0
182047473.0,4766797185.0,6444476.0
177712711.0,4743725862.0,6336798.0
185331071.0,4777084610.0,6822258.0
181996049.0,4761347414.0,6675675.0
173462751.0,4732965217.0,6099518.0
187585093.0,4832108683.0,6818671.0
187530816.0,4832871410.0,6932311.0
182429007.0,4768501339.0,6529960.0
175884500.0,4751844544.0,6340986.0
187718830.0,4807417649.0,6811017.0
173125866.0,4719697956.0,6164315.0
182215577.0,4762927126.0,6545736.0
184367533.0,4766705546.0,6633731.0
183911329.0,4777622193.0,6779067.0
183715956.0,4780013347.0,6554880.0
184103699.0,4790333786.0,6661814.0
183718821.0,4785491879.0,6726533.0
184721888.0,4755328873.0,6788401.0
179643151.0,4746007122.0,6429521.0
183494880.0,4782639776.0,6712060.0
176010419.0,4739473884.0,6262085.0
186612050.0,4780758334.0,6843057.0
176150361.0,4747668667.0,6159081.0
181731257.0,4752867475.0,6829030.0
178955715.0,4749751176.0,6626281.0
173807712.0,4733694327.0,6182764.0
183006020.0,4768716605.0,6576107.0
175044331.0,4736936252.0,6212351.0
172521557.0,4760049726.0,6121949.0
184593408.0,4764481751.0,6722798.0
185180217.0,4764441984.0,6760016.0
176753241.0,4744270283.0,6344529.0
183128649.0,4756247837.0,6527817.0
180212958.0,4765786467.0,6494858.0
182612489.0,4763962745.0,6553285.0
173988218.0,4763834548.0,6256927.0
184559564.0,4786077694.0,6747722.0
186946943.0,4778882645.0,6969616.0
182994036.0,4760079291.0,6450899.0
187697929.0,4773346835.0,6876753.0
172531106.0,4765422984.0,6222697.0
173419986.0,4734813723.0,6250495.0
183232808.0,4776800486.0,6603742.0
187879014.0,4800547877.0,6908584.0
173459953.0,4758323192.0,6084014.0
184926650.0,4791815061.0,6705786.0
185982153.0,4758779691.0,6893402.0
182647949.0,4813309612.0,6573834.0
174191896.0,4744902520.0,6106591.0
173008015.0,4767401844.0,5956299.0
185645611.0,4806507393.0,6563656.0
177168246.0,4797171400.0,6370171.0
187676248.0,4811373913.0,6788819.0
188265114.0,4813908245.0,6834203.0
190198810.0,4793996898.0,6942725.0
178820073.0,4796920429.0,6466661.0
185485912.0,4777781209.0,6799597.0
180036348.0,4746478433.0,6569862.0
177718883.0,4730913259.0,6399674.0
180757032.0,4773119371.0,6556170.0
185112484.0,4769704191.0,6848304.0
174269227.0,4718690312.0,6344291.0
176788163.0,4747378070.0,6497329.0
186864595.0,4815822637.0,6759312.0
171943816.0,4713060513.0,6073804.0
176148327.0,4755135781.0,6291834.0
185763877.0,4773394186.0,6771251.0
173769597.0,4758239482.0,6021246.0
184427734.0,4769906167.0,6867303.0
184011594.0,4778012291.0,6708694.0
186235560.0,4795959413.0,6635316.0
183016379.0,4782601671.0,6740145.0
173980123.0,4717958323.0,6131395.0
186101116.0,4775070418.0,6784242.0
187691490.0,4774054603.0,6883408.0
187405592.0,4819182315.0,6821363.0
180960876.0,4755471795.0,6690393.0
183243123.0,4778857135.0,6684273.0
181583079.0,4770536168.0,6621007.0
174071811.0,4746264159.0,6171303.0
174916078.0,4768214144.0,6232207.0
178037354.0,4740420531.0,6386574.0
186330769.0,4797299981.0,6847986.0
188878636.0,4793201669.0,6949148.0
184118448.0,4789404164.0,6717886.0
185520173.0,4780815145.0,6730390.0
171692803.0,4733078431.0,6211306.0
180900163.0,4761221531.0,6517636.0
185021602.0,4751314370.0,6647590.0
188219894.0,4781201032.0,6854917.0
185118739.0,4763034621.0,6688227.0
176904673.0,4734136730.0,6169296.0
178630223.0,4773980132.0,6311690.0
184833055.0,4782287644.0,6610650.0
178424404.0,4734962749.0,6327107.0
186242889.0,4778495864.0,6828389.0
181307855.0,4739183609.0,6496539.0
172987275.0,4779374886.0,6214564.0
175247184.0,4748326605.0,6324116.0
187112449.0,4755453547.0,6687733.0
185714495.0,4790811660.0,6866217.0
176768833.0,4783213651.0,6325682.0
180964861.0,4750654334.0,6765079.0
184318964.0,4756012942.0,6472471.0
187191217.0,4797163375.0,6915046.0
182505095.0,4755516806.0,6476501.0
189481225.0,4821376216.0,6939376.0
172568007.0,4764422992.0,6195114.0
186135306.0,4796227207.0,6761146.0
186110877.0,4755205730.0,6514044.0
176315453.0,4746160894.0,6286451.0
186593236.0,4779804984.0,6888195.0
176805262.0,4763202109.0,6383631.0
185859694.0,4783406041.0,6793273.0
175993351.0,4758727675.0,6088050.0
171687816.0,4725327349.0,6141784.0
186997210.0,4769262336.0,6812282.0
175286096.0,4752064267.0,6243210.0
187525663.0,4779475118.0,6823261.0
182522229.0,4775556262.0,6653124.0
187401410.0,4788802547.0,6790023.0
183601716.0,4773648297.0,6619844.0
185138464.0,4746572074.0,6727961.0
179514490.0,4787749583.0,6518579.0
185979137.0,4819982393.0,6713278.0
184731520.0,4768577999.0,6753694.0
180772595.0,4749410193.0,6510879.0
174507397.0,4737356864.0,6205808.0
187912327.0,4754482142.0,6733824.0
185840387.0,4780182255.0,6850897.0
187594501.0,4744398269.0,6808616.0
184534008.0,4767260942.0,6610334.0
182540572.0,4795897854.0,6610661.0
173836095.0,4725492770.0,6049313.0
182598427.0,4771902743.0,6705369.0
184843313.0,4790387509.0,6528727.0
185402214.0,4811876327.0,6705280.0
185216790.0,4779749159.0,6647809.0
181706896.0,4753644454.0,6645019.0
184703380.0,4755970033.0,6697959.0
184592313.0,4756918355.0,6594641.0
174773521.0,4760350298.0,6432475.0
184034722.0,4791173282.0,6657657.0
183625067.0,4803145587.0,6607935.0
187179375.0,4767312025.0,6855232.0
184686665.0,4777737866.0,6673655.0
184722218.0,4750294367.0,6777232.0
186135413.0,4816825241.0,6822118.0
188251328.0,4802607889.0,6805164.0
173950191.0,4764557537.0,6115678.0
183191604.0,4799108287.0,6620400.0
174877658.0,4794352533.0,6176647.0
182620745.0,4772873480.0,6747708.0
187542391.0,4786690484.0,6852727.0
185820781.0,4756391647.0,6995802.0
176136309.0,4763068767.0,6292633.0
180195938.0,4759049329.0,6530444.0
187723177.0,4756600553.0,6656418.0
174846334.0,4735883793.0,6215382.0
182274114.0,4787336602.0,6588643.0
186261242.0,4773201900.0,6731262.0
182064708.0,4780754880.0,6670576.0
187024741.0,4762207214.0,6863736.0
187263007.0,4737860667.0,6945180.0
184866897.0,4793324099.0,6687884.0
175359165.0,4757905052.0,6237337.0
175507450.0,4758807392.0,6179757.0
173749565.0,4746636242.0,6085657.0
187428006.0,4807530641.0,6906741.0
187254855.0,4783971163.0,6999473.0
175579304.0,4758141216.0,6340861.0
185665292.0,4787654931.0,6760407.0
184815229.0,4795490374.0,6746081.0
181565209.0,4773438918.0,6658643.0
175419810.0,4746501294.0,6026271.0
188090533.0,4809008735.0,6817337.0
177552840.0,4744405869.0,6417118.0
181702532.0,4756820561.0,6555223.0
185509759.0,4765711649.0,6762880.0
179500868.0,4749484803.0,6331219.0
180351802.0,4757976174.0,6702377.0
183492336.0,4800693680.0,6508982.0
186573695.0,4784379053.0,6886914.0
188314077.0,4802210078.0,6751536.0
186680278.0,4784206145.0,6825233.0
182591905.0,4747671536.0,6663770.0
175915210.0,4725811156.0,6307112.0
188313664.0,4795038386.0,6889116.0
184398036.0,4756774764.0,6468595.0
181233417.0,4774604004.0,6466614.0
175899978.0,4751980016.0,6292913.0
185134761.0,4788026053.0,6736969.0
186034350.0,4780418527.0,6911263.0
188054586.0,4798876106.0,6829935.0
187327368.0,4785580594.0,6803347.0
187852864.0,4787101930.0,6907485.0
183085704.0,4767679082.0,6585024.0
171316454.0,4708587046.0,6042199.0
175521647.0,4737098067.0,6261002.0
186144874.0,4820314136.0,6782318.0
186252951.0,4784067893.0,6768820.0
187824975.0,4782669835.0,6831723.0
189103642.0,4756012154.0,6634853.0
180645082.0,4772840874.0,6555338.0
181839192.0,4772070989.0,6522693.0
182408076.0,4765984010.0,6657987.0
183986089.0,4791666643.0,6508218.0
173704876.0,4757172547.0,6123282.0
184791275.0,4775897180.0,6752745.0
182330205.0,4767093832.0,6554859.0
173570360.0,4727135225.0,6137352.0
185653485.0,4791327715.0,6793755.0
178148566.0,4792371559.0,6415792.0
188509510.0,4797606772.0,6827759.0
182460442.0,4797333242.0,6493904.0
178828353.0,4767506291.0,6482970.0
180966613.0,4761268974.0,6465551.0
168802782.0,4746145381.0,6281062.0
178364053.0,4774883154.0,6427995.0
177408574.0,4768418286.0,6357027.0
190718844.0,4795219726.0,6907718.0
184102933.0,4755570099.0,6509987.0
179888125.0,4773355511.0,6557481.0
185832673.0,4771576391.0,6598776.0
186601975.0,4800789399.0,6650589.0
187836987.0,4793284040.0,6772802.0
183128731.0,4785859524.0,6538712.0
187689406.0,4806164115.0,6941259.0
172103385.0,4731982286.0,6192352.0
187302319.0,4787263945.0,6783395.0
184206683.0,4784112252.0,6669551.0
186392529.0,4782495759.0,6764852.0
184600304.0,4762998007.0,6635625.0
186964652.0,4816631558.0,6738350.0
183613813.0,4783292203.0,6666148.0
179337044.0,4773700189.0,6408218.0
183240759.0,4785252202.0,6693263.0
186188433.0,4772692717.0,6728539.0
187331959.0,4794587396.0,6801968.0
184809519.0,4786740027.0,6693356.0
182909209.0,4774471219.0,6688469.0
186421140.0,4733277266.0,6817369.0
185357133.0,4782740582.0,6838410.0
187225048.0,4775982412.0,6883531.0
179955465.0,4795042834.0,6544893.0
185820505.0,4784054748.0,6727772.0
182829567.0,4761598826.0,6636881.0
177538764.0,4775469162.0,6497167.0
184620689.0,4781877474.0,6651916.0
184190906.0,4770191747.0,6672487.0
181422747.0,4775258664.0,6563543.0
174228546.0,4754157298.0,6048837.0
184116393.0,4759905368.0,6586081.0
176581418.0,4762506669.0,6302026.0
187967254.0,4788774850.0,6956170.0
183466650.0,4778335531.0,6860517.0
186051824.0,4795474035.0,6728454.0
180652146.0,4766551122.0,6561233.0
187379887.0,4790775641.0,6784777.0
190578176.0,4804389329.0,6977545.0
179737267.0,4731963968.0,6311760.0
186641894.0,4755614029.0,6813111.0
182785716.0,4769622292.0,6706288.0
183068195.0,4809980683.0,6596110.0
184503642.0,4816347907.0,6667076.0
184633394.0,4817061872.0,6669331.0
183596023.0,4757553094.0,6474651.0
186033163.0,4780170110.0,6804844.0
179921226.0,4771531711.0,6403680.0
176080668.0,4731080787.0,6374200.0
184556721.0,4787193728.0,6704188.0
188802881.0,4790455638.0,6778397.0
186769168.0,4787620684.0,6775960.0
182532955.0,4778417451.0,6592065.0
182242997.0,4776872774.0,6525344.0
181226177.0,4763345523.0,6470342.0
181935884.0,4752106737.0,6214445.0
187929065.0,4806300244.0,6826423.0
185695437.0,4764725045.0,6839935.0
181594495.0,4800443297.0,6633826.0
181836615.0,4795490235.0,6571881.0
187451323.0,4800555998.0,6859331.0
185532713.0,4786867604.0,6704068.0
183388115.0,4758643432.0,6726539.0
187639306.0,4823410686.0,6828414.0
182824813.0,4760172071.0,6674520.0
187391585.0,4799628401.0,6753462.0
187196904.0,4806363349.0,6865536.0
189618189.0,4790466180.0,6902943.0
184055066.0,4777903718.0,6736650.0
181403240.0,4763115304.0,6614280.0
185015319.0,4788810741.0,6626758.0
187380884.0,4801228532.0,6777405.0
187713189.0,4793166044.0,6751532.0
185151066.0,4780962294.0,6744885.0
172906446.0,4753220150.0,6223111.0
175589459.0,4751949493.0,6297203.0
183268113.0,4808091126.0,6586859.0
176732518.0,4739563645.0,6225218.0
188353326.0,4790944052.0,6989256.0
173576329.0,4733325565.0,6216367.0
187398189.0,4806911903.0,6813995.0
174440869.0,4750150518.0,6563743.0
188532974.0,4778417076.0,6959673.0
183576704.0,4772055052.0,6610917.0
186550043.0,4784792318.0,6618683.0
186909323.0,4768158947.0,6744522.0
191455942.0,4808290659.0,7002569.0
187610803.0,4786084865.0,6787382.0
174068165.0,4783968373.0,6122541.0
187010635.0,4795086242.0,6724242.0
179230811.0,4760570918.0,6442710.0
186265169.0,4775222693.0,6751954.0
183553252.0,4768717467.0,6711599.0
186127061.0,4757843232.0,6684109.0
183222566.0,4777153116.0,6626663.0
183307202.0,4828179470.0,6757862.0
186969884.0,4789272998.0,6909932.0
182651392.0,4749250635.0,6689794.0
184448847.0,4817394104.0,6702212.0
185625052.0,4814361676.0,6730304.0
184957564.0,4768743265.0,6585121.0
182886517.0,4770062136.0,6561679.0
186260821.0,4787833040.0,6680042.0
177579052.0,4741115871.0,6467478.0
171208765.0,4768544115.0,6209759.0
185502483.0,4785238619.0,6776481.0
182772410.0,4777081302.0,6767222.0
188821218.0,4803484418.0,6992888.0
183226809.0,4771777371.0,6712221.0
187875372.0,4815396394.0,6907466.0
182229334.0,4772273110.0,6744453.0
185015499.0,4766687452.0,6710139.0
185579049.0,4792150895.0,6750186.0
174864944.0,4742388016.0,6358391.0
187275246.0,4784903348.0,6700096.0
183840474.0,4820331943.0,6624229.0
186364428.0,4778747727.0,6623730.0
188693179.0,4756261995.0,6734245.0
182632047.0,4790733379.0,6555870.0
172357964.0,4727899009.0,6094867.0
171472585.0,4745055863.0,6167149.0
183168410.0,4770489655.0,6606797.0
186217904.0,4796404415.0,6829988.0
171751952.0,4756649715.0,6182901.0
178897925.0,4752006852.0,6432179.0
175259684.0,4733293216.0,6347986.0
183326109.0,4800839834.0,6547053.0
182905818.0,4752819694.0,6274884.0
185064444.0,4782139666.0,6778378.0
185662591.0,4765554031.0,6747812.0
186286793.0,4780317832.0,6680191.0
184217095.0,4812421778.0,6736030.0
179743448.0,4756022780.0,6584864.0
187411439.0,4832834503.0,6845177.0
179607659.0,4787217045.0,6433782.0
188333058.0,4802259337.0,6973303.0
181340116.0,4767728634.0,6568433.0
174876130.0,4736213052.0,6277257.0
168308403.0,4996348900.0,6478799.0
185517787.0,4757816244.0,6759252.0
183954428.0,4772737809.0,6842258.0
170837843.0,4730512640.0,6100167.0
185902630.0,4797789073.0,6657427.0
186234635.0,4768014488.0,7108173.0
186205391.0,4778222012.0,6775428.0
184199413.0,4778289426.0,6767952.0
172919209.0,4755374800.0,6236823.0
186627495.0,4775551850.0,6901048.0
171980494.0,4723076896.0,6140231.0
176201189.0,4731750820.0,6351479.0
177020167.0,4740767330.0,6297014.0
188503785.0,4778543184.0,6947669.0
187809723.0,4774948168.0,6793826.0
180624571.0,4755873093.0,6454580.0
185090215.0,4809556106.0,6827143.0
181394225.0,4741891351.0,6527327.0
187927614.0,4810088764.0,6773227.0
175174011.0,4740363695.0,6348584.0
187714732.0,4805332775.0,6849897.0
176549166.0,4778855255.0,6314667.0
186636359.0,4811521158.0,6813892.0
184043067.0,4823413788.0,6698740.0
183304551.0,4774877386.0,6691659.0
188929909.0,4788790313.0,6823857.0
183939041.0,4770052816.0,6650637.0
179499836.0,4761180697.0,6395161.0
186668010.0,4803144318.0,6724781.0
184849356.0,4775986769.0,6640079.0
182207123.0,4724675478.0,6679580.0
183680632.0,4761638528.0,6782688.0
182767083.0,4774748022.0,6671006.0
184914818.0,4771205147.0,6821047.0
182435841.0,4800690171.0,6546984.0
176251926.0,4757571322.0,6251247.0
175944302.0,4769116218.0,6304294.0
187455373.0,4798120000.0,6735119.0
185760640.0,4740395477.0,6743236.0
183675846.0,4753889364.0,6551028.0
182896473.0,4756285829.0,6417224.0
183357886.0,4800374119.0,6534196.0
187970874.0,4778169127.0,6848650.0
187363534.0,4782026888.0,6901865.0
174097400.0,4715971811.0,6294900.0
186570048.0,4767003853.0,6866569.0
183006960.0,4785524911.0,6545761.0
174385616.0,4730619066.0,6204643.0
185423134.0,4800394636.0,6603287.0
186266650.0,4769898619.0,6694894.0
186226364.0,4780746757.0,6778556.0
175804173.0,4737409486.0,6181704.0
177974724.0,4772344959.0,6630184.0
171804728.0,4774880962.0,6234646.0
183988306.0,4756090920.0,6674990.0
184904035.0,4776818460.0,6729144.0
176100619.0,4916193522.0,6587390.0
185691299.0,4774708526.0,6854757.0
185056858.0,4760230355.0,6586334.0
175359498.0,4730674855.0,6381319.0
181092999.0,4762641119.0,6535681.0
188648223.0,4783450259.0,7030862.0
184864381.0,4757343916.0,6666882.0
182466751.0,4785890414.0,6543828.0
183519341.0,4761463918.0,6641477.0
174983838.0,4764750699.0,6301085.0
173115959.0,4719425876.0,6203632.0
180424824.0,4750602397.0,6410886.0
181869713.0,4759617744.0,6558309.0
181947016.0,4727464710.0,6551478.0
182215982.0,4782459583.0,6575779.0
175325880.0,4777387523.0,6181656.0
186877626.0,4753629128.0,6555288.0
182823317.0,4765957732.0,6683790.0
188712041.0,4761886995.0,7014610.0
186516767.0,4762704348.0,6869755.0
183802235.0,4755456874.0,6672824.0
191574589.0,4801018035.0,7029130.0
181081815.0,4761225021.0,6515400.0
186129223.0,4780193357.0,6706804.0
176026131.0,4739581470.0,6218836.0
185569023.0,4745359780.0,6849736.0
188578562.0,4758851901.0,6716204.0
187930113.0,4756007086.0,6601173.0
186100375.0,4787224649.0,6723241.0
175037604.0,4730028591.0,6177185.0
184201058.0,4774398073.0,6685420.0
181246801.0,4758917564.0,6707180.0
184600292.0,4731102657.0,6665106.0
188541829.0,4763748419.0,6750714.0
186314394.0,4777654212.0,6868634.0
172001747.0,4762641140.0,6171837.0
186840748.0,4779826934.0,6840319.0
185006750.0,4828415616.0,6669468.0
184216503.0,4782509584.0,6736545.0
186421906.0,4784939684.0,6814333.0
175643561.0,4757394093.0,6380685.0
174848408.0,4760822702.0,6141502.0
182353267.0,4792284844.0,6588157.0
179771014.0,4770321419.0,6466846.0
173006379.0,4750690897.0,5915575.0
176620737.0,4779137111.0,6385033.0
185731697.0,4758015566.0,6699488.0
176495730.0,4771783426.0,6290451.0
183621062.0,4780378388.0,6597107.0
185401943.0,4823924258.0,6605633.0
184842365.0,4783004798.0,6719947.0
187666065.0,4771922391.0,6953607.0
182331215.0,4808872119.0,6543779.0
185956081.0,4800722491.0,6773611.0
182395018.0,4775157344.0,6618438.0
187570772.0,4779532949.0,6836585.0
173148354.0,4750212090.0,6355070.0
187298932.0,4775046500.0,6919413.0
186475029.0,4780280718.0,6828056.0
172603884.0,4734909156.0,6173460.0
183214382.0,4738586188.0,6676930.0
174691776.0,4715400973.0,6035589.0
186625947.0,4759865587.0,6879868.0
180044519.0,4752950948.0,6389838.0
185126675.0,4751284688.0,6372828.0
187413337.0,4797370975.0,6911535.0
174585724.0,4799077175.0,6149245.0
187108873.0,4799192265.0,6746365.0
173469693.0,4739114315.0,6207967.0
185577895.0,4786582735.0,6835704.0
175428867.0,4736786107.0,6348489.0
176354648.0,4749500618.0,6103043.0
182128611.0,4746681636.0,6709816.0
188415011.0,4780177442.0,6904335.0
186859924.0,4782414315.0,6755788.0
177284304.0,4739463645.0,6280054.0
